,MaMH,Số lượng rớt,Tổng số lượng,Tỉ lệ trượt
0,ENG01,5708,9708,0.5879686856201072
1,IT002,5177,15906,0.3254746636489375
2,ENG02,5054,9860,0.5125760649087221
3,ENG03,4745,9625,0.492987012987013
4,IT003,3842,14582,0.2634755177616239
5,MA003,2853,15751,0.18113135673925465
6,SE102,2647,4276,0.6190364826941066
7,IT004,2635,13155,0.20030406689471683
8,IT001,2574,15600,0.165
9,MA002,2481,6493,0.38210380409671957
10,MA005,2453,13128,0.1868525289457648
11,PH002,2391,9331,0.2562426320865931
12,MA001,2188,6609,0.3310637010137691
13,IT006,2118,9352,0.22647562018819503
14,MAT02,1968,3903,0.504227517294389
15,LIA01,1935,4184,0.46247609942638623
16,ENG04,1856,4655,0.3987110633727175
17,MA004,1807,12881,0.14028413943016846
18,MAT01,1671,3762,0.44417862838915473
19,MA006,1532,9947,0.15401628631748265
20,PH001,1465,8022,0.18262278733482923
21,IT007,1440,10764,0.13377926421404682
22,DSAL1,1382,4158,0.3323713323713324
23,CSC01,1323,3697,0.3578577224776846
24,OOPT1,1297,3772,0.3438494167550371
25,MAT04,1259,3922,0.3210096889342172
26,IT005,1236,12101,0.10214031898190232
27,CARC1,1131,3958,0.28575037897928246
28,EN004,1064,3336,0.31894484412470026
29,PE002,1029,9239,0.11137569000974132
30,OSYS1,1004,3652,0.27491785323110624
31,EN001,999,3293,0.30337078651685395
32,ENG05,900,1535,0.5863192182410424
33,SS001,872,6690,0.13034379671150972
34,WINP1,863,3424,0.25204439252336447
35,SS006,809,8524,0.09490849366494604
36,STA01,804,2140,0.37570093457943926
37,EN002,785,3113,0.25216832637327335
38,PE001,752,9413,0.07988951450122171
39,NT106,718,3306,0.21718088324258925
40,DBSS1,710,3562,0.19932622122403143
41,IT009,698,8803,0.07929115074406452
42,EN003,682,2825,0.24141592920353983
43,SS003,674,10309,0.06537976525366185
44,MAT22,666,1303,0.511128165771297
45,SS004,642,11565,0.05551232166018158
46,CNET1,640,3356,0.1907032181168057
47,MAT23,633,1287,0.49184149184149184
48,SE104,623,5640,0.11046099290780143
49,SS002,578,5412,0.10679970436067997
50,PHY01,548,3744,0.14636752136752137
51,PHY02,508,3244,0.15659679408138102
52,EN005,454,2585,0.1756286266924565
53,ENBT,449,1542,0.2911802853437095
54,IS207,449,3057,0.1468760222440301
55,HCMT1,436,3877,0.11245808614908434
56,CS106,428,2061,0.2076661814653081
57,PHIL1,428,2665,0.1606003752345216
58,CE119,410,1626,0.2521525215252153
59,VCPL1,407,3827,0.10634962111314346
60,CE105,390,1376,0.28343023255813954
61,IT008,386,2545,0.15166994106090373
62,CE118,380,1357,0.2800294767870302
63,SE214,378,1596,0.23684210526315788
64,IS201,370,2914,0.1269732326698696
65,IS210,353,1664,0.21213942307692307
66,CE103,339,1816,0.1866740088105727
67,CS112,336,1887,0.178060413354531
68,IS105,333,1300,0.2561538461538462
69,SE501,327,2101,0.15564017134697763
70,SE100,325,1908,0.17033542976939203
71,SE106,324,2285,0.14179431072210066
72,CE101,321,1384,0.2319364161849711
73,ITEW1,300,2558,0.11727912431587177
74,SE310,297,1263,0.23515439429928742
75,NT109,291,1582,0.18394437420986093
76,NT101,281,2925,0.09606837606837607
77,PEDU2,277,3182,0.08705216844751729
78,MAT21,274,948,0.2890295358649789
79,ENGA1,266,546,0.48717948717948717
80,SS008,264,4841,0.054534187151414996
81,IS211,261,1557,0.1676300578034682
82,IS217,258,1363,0.1892883345561262
83,ITEM1,257,2637,0.09745923397800531
84,IS336,257,1893,0.13576333861595352
85,SE112,254,1009,0.25173439048562934
86,EN006,254,1363,0.1863536316947909
87,SE330,250,1704,0.1467136150234742
88,IS208,248,3179,0.07801195344447939
89,ENGA2,239,892,0.2679372197309417
90,CE109,237,643,0.36858475894245724
91,CS105,231,1347,0.1714922048997773
92,CSC21,227,966,0.2349896480331263
93,SS010,227,4837,0.046929915236716975
94,IT012,224,2297,0.09751850239442751
95,CS231,222,1327,0.16729464958553128
96,SE211,217,791,0.2743362831858407
97,NT113,215,1909,0.11262441068622316
98,PEDU1,215,3298,0.06519102486355367
99,CE501,214,1154,0.1854419410745234
100,SE331,213,892,0.23878923766816143
101,DSAL2,212,459,0.46187363834422657
102,NT114,211,1760,0.11988636363636364
103,NT105,207,1911,0.10832025117739404
104,NT104,206,1620,0.1271604938271605
105,IS353,191,1543,0.1237848347375243
106,SS009,190,4358,0.04359798072510326
107,NT118,189,2712,0.06969026548672566
108,SMET2,189,2337,0.08087291399229782
109,NT110,189,770,0.24545454545454545
110,IS216,189,1508,0.1253315649867374
111,PE012,186,2650,0.07018867924528302
112,SE103,186,775,0.24
113,IS206,183,670,0.27313432835820894
114,CE111,181,560,0.32321428571428573
115,IS334,181,1814,0.09977949283351709
116,CS111,180,1543,0.11665586519766688
117,PH003,179,1507,0.11877903118779032
118,SE210,178,650,0.27384615384615385
119,CS102,176,478,0.3682008368200837
120,SS007,173,5229,0.033084719831707785
121,SE114,171,1991,0.08588648920140633
122,CE107,171,1118,0.15295169946332737
123,SE101,164,2412,0.06799336650082918
124,IS403,164,1160,0.1413793103448276
125,CE104,163,1127,0.14463176574977818
126,SE418,158,704,0.22443181818181818
127,CE403,157,301,0.521594684385382
128,CE106,157,554,0.2833935018050541
129,CS221,156,1374,0.11353711790393013
130,CE102,155,583,0.2658662092624357
131,SE325,155,962,0.16112266112266113
132,CE113,154,585,0.26324786324786326
133,NT201,154,1163,0.13241616509028376
134,CS114,150,801,0.18726591760299627
135,NT132,149,1668,0.08932853717026379
136,SE207,148,731,0.2024623803009576
137,SE401,147,1042,0.14107485604606526
138,IS252,145,1539,0.09421702404158544
139,SE213,138,595,0.2319327731092437
140,CS511,137,735,0.18639455782312925
141,CE121,136,905,0.15027624309392265
142,SE311,136,711,0.19127988748241911
143,SE346,133,1234,0.10777957860615883
144,CE110,131,564,0.2322695035460993
145,NT111,131,1396,0.09383954154727794
146,IS405,129,943,0.13679745493107104
147,MLPE1,124,704,0.17613636363636365
148,NT107,124,740,0.16756756756756758
149,CE115,124,501,0.24750499001996007
150,SE105,123,728,0.16895604395604397
151,SE215,122,1316,0.09270516717325228
152,CS113,120,521,0.23032629558541268
153,MLPE2,119,297,0.4006734006734007
154,NT115,118,880,0.1340909090909091
155,CS110,118,966,0.12215320910973085
156,SE322,117,583,0.2006861063464837
157,SE341,115,463,0.24838012958963282
158,NT131,114,1272,0.08962264150943396
159,SE337,113,370,0.3054054054054054
160,CE212,113,612,0.184640522875817
161,NT330,109,1064,0.10244360902255639
162,CS336,109,676,0.16124260355029585
163,SE209,106,667,0.15892053973013492
164,NT103,106,1143,0.09273840769903761
165,SOCI1,105,696,0.15086206896551724
166,IS254,105,1013,0.10365251727541955
167,IT010,104,1305,0.07969348659003832
168,IS103,103,471,0.21868365180467092
169,IS203,103,610,0.16885245901639345
170,NT108,103,704,0.14630681818181818
171,CS2133,102,394,0.25888324873096447
172,CS1113,102,457,0.22319474835886213
173,NT301,98,569,0.17223198594024605
174,CE213,97,537,0.18063314711359404
175,IE105,96,1204,0.07973421926910298
176,IE104,96,1313,0.07311500380807312
177,NT209,93,1210,0.0768595041322314
178,SE505,91,1015,0.0896551724137931
179,NT117,91,669,0.13602391629297458
180,SE109,91,1193,0.07627829002514669
181,SE121,90,703,0.12802275960170698
182,IS205,89,589,0.15110356536502548
183,NT208,89,855,0.10409356725146199
184,IS202,88,580,0.15172413793103448
185,NT203,88,653,0.13476263399693722
186,CE204,88,300,0.29333333333333333
187,CS211,88,672,0.13095238095238096
188,NT501,88,757,0.11624834874504623
189,EC001,88,801,0.10986267166042447
190,NT215,87,603,0.14427860696517414
191,SE400,86,949,0.09062170706006323
192,SE405,85,980,0.08673469387755102
193,NT213,85,683,0.12445095168374817
194,IS101,85,592,0.14358108108108109
195,CS519,84,765,0.10980392156862745
196,CE211,84,500,0.168
197,ENGL1113,84,561,0.1497326203208556
198,CE302,84,287,0.2926829268292683
199,CE404,82,227,0.36123348017621143
200,SE220,82,158,0.5189873417721519
201,IS107,81,473,0.17124735729386892
202,CS217,81,556,0.14568345323741008
203,CE221,80,240,0.3333333333333333
204,CE206,80,882,0.09070294784580499
205,CE124,80,640,0.125
206,NT202,80,649,0.12326656394453005
207,NT302,79,478,0.16527196652719664
208,CS406,79,672,0.11755952380952381
209,NT204,79,1085,0.0728110599078341
210,SE122,78,627,0.12440191387559808
211,CS410,77,442,0.17420814479638008
212,CE201,77,928,0.08297413793103449
213,IS102,77,468,0.16452991452991453
214,NT219,77,614,0.1254071661237785
215,NT230,77,426,0.1807511737089202
216,ENGL1213,76,538,0.1412639405204461
217,CS226,76,600,0.12666666666666668
218,NT504,76,329,0.23100303951367782
219,CS104,75,343,0.21865889212827988
220,SE111,75,855,0.08771929824561403
221,IE103,75,1131,0.06631299734748011
222,CS4343,73,445,0.16404494382022472
223,NT532,73,689,0.10595065312046444
224,CE112,73,505,0.14455445544554454
225,CS232,72,760,0.09473684210526316
226,IS232,70,775,0.09032258064516129
227,SE313,70,465,0.15053763440860216
228,JAN02,69,474,0.14556962025316456
229,CS5423,69,451,0.15299334811529933
230,CS109,67,273,0.2454212454212454
231,NT402,67,762,0.08792650918635171
232,NT207,67,801,0.08364544319600499
233,SE312,67,543,0.12338858195211787
234,CE222,64,505,0.12673267326732673
235,IS212,63,639,0.09859154929577464
236,SE208,63,651,0.0967741935483871
237,SE108,62,961,0.06451612903225806
238,CS314,62,497,0.12474849094567404
239,SE347,61,572,0.10664335664335664
240,SE332,60,330,0.18181818181818182
241,NT102,60,658,0.0911854103343465
242,CS108,60,297,0.20202020202020202
243,NT334,60,1125,0.05333333333333334
244,NT210,59,526,0.11216730038022814
245,NT332,59,612,0.09640522875816994
246,NT206,59,286,0.2062937062937063
247,IE403,58,330,0.17575757575757575
248,CS212,58,233,0.24892703862660945
249,CS526,57,198,0.2878787878787879
250,NT112,57,810,0.07037037037037037
251,PHIL2,57,815,0.06993865030674846
252,CS419,57,310,0.18387096774193548
253,CE202,57,238,0.23949579831932774
254,CS4273,56,434,0.12903225806451613
255,ENG00,56,170,0.32941176470588235
256,CE114,56,430,0.13023255813953488
257,NT534,54,619,0.08723747980613894
258,PHYS1114,54,441,0.12244897959183673
259,SE301,54,362,0.14917127071823205
260,OOPT2,53,90,0.5888888888888889
261,IE213,53,532,0.09962406015037593
262,CS214,52,561,0.09269162210338681
263,CS103,52,298,0.174496644295302
264,ADENG2,51,127,0.4015748031496063
265,MATH2153,51,458,0.11135371179039301
266,IS104,50,434,0.1152073732718894
267,MATH2144,50,494,0.10121457489878542
268,CS4323,50,427,0.117096018735363
269,NT505,50,969,0.05159958720330237
270,CE117,49,814,0.060196560196560195
271,CS3443,49,438,0.11187214611872145
272,CS3653,49,369,0.13279132791327913
273,IS335,49,732,0.06693989071038252
274,IE106,48,1666,0.028811524609843937
275,CS324,48,222,0.21621621621621623
276,IE101,47,1316,0.03571428571428571
277,CS4283,47,433,0.10854503464203233
278,CS323,47,161,0.2919254658385093
279,NT502,46,322,0.14285714285714285
280,CS331,46,612,0.07516339869281045
281,ADENG1,46,149,0.3087248322147651
282,IS402,45,992,0.04536290322580645
283,IS251,45,629,0.07154213036565978
284,SE212,45,533,0.08442776735459662
285,NT305,45,335,0.13432835820895522
286,SE107,45,184,0.24456521739130435
287,IS106,45,438,0.10273972602739725
288,MATH3013,45,449,0.10022271714922049
289,JAN01,45,614,0.0732899022801303
290,CS107,44,341,0.12903225806451613
291,CS321,44,247,0.17813765182186234
292,NT303,44,891,0.04938271604938271
293,CE108,44,480,0.09166666666666666
294,IE303,42,460,0.09130434782608696
295,SE321,41,255,0.1607843137254902
296,SE417,41,643,0.06376360808709176
297,IS502,41,381,0.10761154855643044
298,CE313,40,255,0.1568627450980392
299,PHYS1214,40,436,0.09174311926605505
300,PHY22,40,238,0.16806722689075632
301,NT531,39,432,0.09027777777777778
302,NT405,39,863,0.04519119351100811
303,SE326,39,361,0.10803324099722991
304,IS204,39,436,0.08944954128440367
305,CE316,38,290,0.1310344827586207
306,SE356,38,220,0.17272727272727273
307,CS409,38,386,0.09844559585492228
308,CS115,38,813,0.046740467404674045
309,MSIS4013,38,306,0.12418300653594772
310,JAN03,38,418,0.09090909090909091
311,IS311,37,424,0.08726415094339622
312,IE102,37,496,0.07459677419354839
313,CE116,37,465,0.07956989247311828
314,SE334,37,254,0.14566929133858267
315,NT533,36,422,0.08530805687203792
316,CSKI1,36,214,0.16822429906542055
317,NT403,35,317,0.11041009463722397
318,MSIS2433,35,234,0.14957264957264957
319,CS522,35,160,0.21875
320,IE204,35,744,0.04704301075268817
321,IS220,35,702,0.04985754985754986
322,SPCH3723,34,419,0.081145584725537
323,IE307,34,484,0.07024793388429752
324,NT130,34,343,0.09912536443148688
325,EC222,34,227,0.14977973568281938
326,CS222,34,357,0.09523809523809523
327,NT133,33,482,0.06846473029045644
328,MSIS4263,33,254,0.12992125984251968
329,NT406,33,200,0.165
330,STAT4033,33,385,0.08571428571428572
331,CS117,32,402,0.07960199004975124
332,IS215,32,516,0.06201550387596899
333,CE314,32,289,0.11072664359861592
334,IE402,31,537,0.05772811918063315
335,SE335,31,84,0.36904761904761907
336,SE324,30,31,0.967741935483871
337,CE224,30,504,0.05952380952380952
338,SE221,29,61,0.47540983606557374
339,CS313,28,360,0.07777777777777778
340,CS311,28,154,0.18181818181818182
341,CS5433,28,339,0.08259587020648967
342,CE402,27,164,0.16463414634146342
343,CS3363,27,197,0.13705583756345177
344,EC335,27,445,0.060674157303370786
345,CE505,26,765,0.03398692810457516
346,IS404,26,211,0.12322274881516587
347,EC212,26,155,0.16774193548387098
348,EC331,26,493,0.05273833671399594
349,JAN05,25,245,0.10204081632653061
350,CS4243,25,344,0.07267441860465117
351,SE357,25,290,0.08620689655172414
352,NT205,25,542,0.046125461254612546
353,JAN04,24,353,0.0679886685552408
354,CS412,24,110,0.21818181818181817
355,SE339,24,146,0.1643835616438356
356,NT307,24,237,0.10126582278481013
357,NT503,23,352,0.06534090909090909
358,STAT3013,23,223,0.1031390134529148
359,EC202,23,198,0.11616161616161616
360,CS338,23,439,0.05239179954441914
361,IE206,23,533,0.043151969981238276
362,CS2433,23,201,0.11442786069651742
363,CS227,23,132,0.17424242424242425
364,IS303,23,155,0.14838709677419354
365,CS414,22,164,0.13414634146341464
366,MSIS3033,22,323,0.06811145510835913
367,CS3373,22,196,0.11224489795918367
368,JAN06,22,233,0.0944206008583691
369,CS505,21,513,0.04093567251461988
370,CS004,21,29,0.7241379310344828
371,NT119,21,357,0.058823529411764705
372,CS019,21,33,0.6363636363636364
373,SE323,21,40,0.525
374,IE309,21,222,0.0945945945945946
375,IE212,21,199,0.10552763819095477
376,CS523,21,191,0.1099476439790576
377,CS3613,20,191,0.10471204188481675
378,CS407,20,153,0.13071895424836602
379,IE202,20,594,0.03367003367003367
380,IE005,20,880,0.022727272727272728
381,PHY03,20,263,0.07604562737642585
382,CS005,20,805,0.024844720496894408
383,CE502,20,210,0.09523809523809523
384,EC203,20,173,0.11560693641618497
385,SE350,20,211,0.0947867298578199
386,SE327,20,37,0.5405405405405406
387,MSIS3303,19,307,0.06188925081433225
388,IS401,19,291,0.06529209621993128
389,CS524,19,78,0.24358974358974358
390,CS431,19,233,0.0815450643776824
391,CS315,19,257,0.07392996108949416
392,CE312,19,95,0.2
393,NT304,19,231,0.08225108225108226
394,IS501,19,359,0.052924791086350974
395,CS4793,18,192,0.09375
396,INT002,18,112,0.16071428571428573
397,CE232,18,334,0.05389221556886228
398,DS102,18,424,0.04245283018867924
399,CS316,18,241,0.07468879668049792
400,CS521,18,154,0.11688311688311688
401,IS301,18,279,0.06451612903225806
402,NT137,18,287,0.0627177700348432
403,NT521,17,267,0.06367041198501873
404,EC302,17,177,0.096045197740113
405,IEM5723,17,161,0.10559006211180125
406,CS3423,16,183,0.08743169398907104
407,CS013,16,43,0.37209302325581395
408,IS005,16,712,0.02247191011235955
409,SE113,16,591,0.02707275803722504
410,NT536,16,351,0.045584045584045586
411,CE005,16,659,0.024279210925644917
412,CS326,16,205,0.07804878048780488
413,CS225,16,149,0.10738255033557047
414,CS5030,16,252,0.06349206349206349
415,CS527,16,71,0.22535211267605634
416,SPCH2713,15,315,0.047619047619047616
417,CS014,15,26,0.5769230769230769
418,CSC12,15,89,0.16853932584269662
419,NT321,15,224,0.06696428571428571
420,EC337,15,426,0.035211267605633804
421,NT005,15,582,0.02577319587628866
422,CE315,15,391,0.03836317135549872
423,CS116,15,351,0.042735042735042736
424,SE358,15,482,0.03112033195020747
425,CS322,15,182,0.08241758241758242
426,IE221,15,209,0.07177033492822966
427,CSBU001,14,80,0.175
428,IS213,14,113,0.12389380530973451
429,NT538,14,94,0.14893617021276595
430,CSBU012,14,74,0.1891891891891892
431,CS404,13,99,0.13131313131313133
432,CSBU010,13,75,0.17333333333333334
433,CS5000,13,232,0.05603448275862069
434,CE324,13,154,0.08441558441558442
435,EC005,13,356,0.03651685393258427
436,EC201,13,590,0.022033898305084745
437,EC301,13,181,0.0718232044198895
438,CE401,13,140,0.09285714285714286
439,NT535,12,102,0.11764705882352941
440,SE333,12,32,0.375
441,CE319,12,156,0.07692307692307693
442,NT331,12,306,0.0392156862745098
443,CNBU001,12,79,0.1518987341772152
444,MSIS207,12,168,0.07142857142857142
445,SE005,12,708,0.01694915254237288
446,EC002,12,151,0.07947019867549669
447,CSBU013,12,59,0.2033898305084746
448,EC003,12,447,0.026845637583892617
449,ECON3313,11,56,0.19642857142857142
450,CSBU007,11,90,0.12222222222222222
451,EC213,11,452,0.024336283185840708
452,CE434,11,104,0.10576923076923077
453,EC311,11,284,0.03873239436619718
454,CS401,11,89,0.12359550561797752
455,SE340,11,60,0.18333333333333332
456,SE344,11,71,0.15492957746478872
457,ENG13,10,88,0.11363636363636363
458,MSIS405,10,237,0.04219409282700422
459,DS200,10,124,0.08064516129032258
460,IE209,10,50,0.2
461,CE301,10,224,0.044642857142857144
462,NT216,10,93,0.10752688172043011
463,MSIS4523,10,140,0.07142857142857142
464,CSBU101,9,33,0.2727272727272727
465,SE320,9,18,0.5
466,ENGBT,9,90,0.1
467,CE409,9,89,0.10112359550561797
468,EC219,9,190,0.04736842105263158
469,SS005,9,88,0.10227272727272728
470,CE437,9,145,0.06206896551724138
471,NT404,9,50,0.18
472,CE435,9,55,0.16363636363636364
473,CS529,9,147,0.061224489795918366
474,CS405,8,95,0.08421052631578947
475,CE411,8,120,0.06666666666666667
476,CE405,8,135,0.05925925925925926
477,CSBU003,8,90,0.08888888888888889
478,SE328,8,51,0.1568627450980392
479,IE207,8,201,0.03980099502487562
480,SPCH3724,8,120,0.06666666666666667
481,NT320,8,122,0.06557377049180328
482,IS4263,8,37,0.21621621621621623
483,ACCT5123,7,164,0.042682926829268296
484,JAN07,7,223,0.03139013452914798
485,CS417,7,34,0.20588235294117646
486,BUS1125,7,134,0.05223880597014925
487,CE219,7,75,0.09333333333333334
488,CE306,7,28,0.25
489,IS505,7,238,0.029411764705882353
490,EC338,7,226,0.030973451327433628
491,SE343,7,30,0.23333333333333334
492,DS101,7,238,0.029411764705882353
493,CS551,6,18,0.3333333333333333
494,MSIS402,6,160,0.0375
495,NT015,6,540,0.011111111111111112
496,CS4153,6,99,0.06060606060606061
497,IS253,6,111,0.05405405405405406
498,CSBU105,6,32,0.1875
499,MKTG5883,6,98,0.061224489795918366
500,DS201,6,178,0.033707865168539325
501,IE230,6,113,0.05309734513274336
502,EC229,6,262,0.022900763358778626
503,NT522,6,78,0.07692307692307693
504,DS005,6,188,0.031914893617021274
505,NT121,6,196,0.030612244897959183
506,CSC11,5,87,0.05747126436781609
507,NT407,5,200,0.025
508,CS408,5,53,0.09433962264150944
509,NT333,5,67,0.07462686567164178
510,EC214,5,349,0.014326647564469915
511,IE229,5,167,0.029940119760479042
512,ENG15,5,60,0.08333333333333333
513,CS332,5,133,0.03759398496240601
514,EC208,5,247,0.020242914979757085
515,CSBU014,5,44,0.11363636363636363
516,CS101,5,213,0.023474178403755867
517,DS103,4,194,0.020618556701030927
518,CE408,4,5,0.8
519,CU001,4,171,0.023391812865497075
520,EC333,4,44,0.09090909090909091
521,DS106,4,105,0.0380952380952381
522,NT116,4,75,0.05333333333333334
523,CS229,4,19,0.21052631578947367
524,DS310,4,163,0.024539877300613498
525,DS105,4,182,0.02197802197802198
526,EC312,4,275,0.014545454545454545
527,MAT11,4,85,0.047058823529411764
528,CNBU002,4,87,0.04597701149425287
529,CSBU006,4,87,0.04597701149425287
530,CS530,4,166,0.024096385542168676
531,NT211,4,112,0.03571428571428571
532,CS325,4,36,0.1111111111111111
533,CSBU102,4,21,0.19047619047619047
534,DS303,4,32,0.125
535,IEM4733,4,128,0.03125
536,DS104,3,86,0.03488372093023256
537,MSIS4801,3,19,0.15789473684210525
538,CSBU009,3,43,0.06976744186046512
539,CS531,3,49,0.061224489795918366
540,CE407,3,41,0.07317073170731707
541,CNBU004,3,18,0.16666666666666666
542,DS300,3,72,0.041666666666666664
543,IE203,3,47,0.06382978723404255
544,DS304,3,158,0.0189873417721519
545,CS339,3,50,0.06
546,CSBU008,3,87,0.034482758620689655
547,NT401,3,28,0.10714285714285714
548,CS535,3,29,0.10344827586206896
549,CE421,3,14,0.21428571428571427
550,CS371,3,62,0.04838709677419355
551,IS4013,3,40,0.075
552,SC203,3,115,0.02608695652173913
553,CSBU004,3,70,0.04285714285714286
554,CE430,2,76,0.02631578947368421
555,MAT14,2,85,0.023529411764705882
556,LIA11,2,83,0.024096385542168676
557,CS372,2,60,0.03333333333333333
558,ENG11,2,84,0.023809523809523808
559,IS4133,2,20,0.1
560,IE301,2,23,0.08695652173913043
561,EC401,2,23,0.08695652173913043
562,IS4523,2,39,0.05128205128205128
563,NT306,2,42,0.047619047619047616
564,CS411,2,43,0.046511627906976744
565,JAN08,2,115,0.017391304347826087
566,IS305,2,30,0.06666666666666667
567,CS420,2,77,0.025974025974025976
568,PHY11,2,82,0.024390243902439025
569,CNBU003,2,31,0.06451612903225806
570,ENG14,2,64,0.03125
571,CSBU011,2,60,0.03333333333333333
572,CS334,2,27,0.07407407407407407
573,IS3033,2,21,0.09523809523809523
574,ME001,2,2,1.0
575,PHY12,2,62,0.03225806451612903
576,EC232,2,82,0.024390243902439025
577,SE355,2,21,0.09523809523809523
578,CE317,1,30,0.03333333333333333
579,DS307,1,30,0.03333333333333333
580,CSBU016,1,23,0.043478260869565216
581,CE334,1,30,0.03333333333333333
582,CS532,1,46,0.021739130434782608
583,IE226,1,67,0.014925373134328358
584,IE505,1,141,0.0070921985815602835
585,CS402,1,11,0.09090909090909091
586,DS505,1,42,0.023809523809523808
587,CS301,1,104,0.009615384615384616
588,CE326,1,32,0.03125
589,IS219,1,30,0.03333333333333333
590,CS352,1,60,0.016666666666666666
591,SMET1,1,87,0.011494252873563218
592,MSIS4133,1,53,0.018867924528301886
593,CS351,1,61,0.01639344262295082
594,STAT11,1,44,0.022727272727272728
595,ADENG3,1,19,0.05263157894736842
596,CS302,1,103,0.009708737864077669
597,NT311,1,23,0.043478260869565216
598,DS203,1,52,0.019230769230769232
599,CS501,1,74,0.013513513513513514
600,CE410,1,44,0.022727272727272728
601,CSBU015,1,44,0.022727272727272728
602,CNBU008,1,7,0.14285714285714285
603,CNBU006,1,7,0.14285714285714285
604,CNBU007,1,7,0.14285714285714285
605,ENG12,1,83,0.012048192771084338
606,CS223,1,147,0.006802721088435374
